{
  "metricas_generales": {
    "exactitud": 0.3777322404371585,
    "exactitud_balanceada": 0.3175574107106424,
    "f1_macro": 0.3175245288970318,
    "f1_pesado": 0.3789200066538166,
    "roc_auc_macro": 0.48822001458407716
  },
  "metricas_por_clase": {
    "Light_Load": {
      "precision": 0.5204850868567683,
      "recall": 0.5102827763496144,
      "f1": 0.5153334415057602,
      "support": 3112
    },
    "Medium_Load": {
      "precision": 0.25121065375302665,
      "recall": 0.26466836734693877,
      "f1": 0.2577639751552795,
      "support": 1568
    },
    "Maximum_Load": {
      "precision": 0.18126626192541198,
      "recall": 0.17772108843537415,
      "f1": 0.1794761700300558,
      "support": 1176
    }
  },
  "matriz_confusion": [
    [
      1588,
      912,
      612
    ],
    [
      821,
      415,
      332
    ],
    [
      642,
      325,
      209
    ]
  ]
}