{
  "metricas_generales": {
    "exactitud": 0.6087773224043715,
    "exactitud_balanceada": 0.5294349209263826,
    "f1_macro": 0.5302721310962448,
    "f1_pesado": 0.6299070254800243,
    "roc_auc_macro": 0.7846626636622501
  },
  "metricas_por_clase": {
    "Light_Load": {
      "precision": 0.950513894175866,
      "recall": 0.8023778920308483,
      "f1": 0.8701864436312946,
      "support": 3112
    },
    "Medium_Load": {
      "precision": 0.3168044077134986,
      "recall": 0.3667091836734694,
      "f1": 0.33993496896245934,
      "support": 1568
    },
    "Maximum_Load": {
      "precision": 0.34865629420084865,
      "recall": 0.4192176870748299,
      "f1": 0.3806949806949807,
      "support": 1176
    }
  },
  "matriz_confusion": [
    [
      2497,
      614,
      1
    ],
    [
      73,
      575,
      920
    ],
    [
      57,
      626,
      493
    ]
  ]
}