{
  "metricas_generales": {
    "exactitud": 0.6997950819672131,
    "exactitud_balanceada": 0.5968374924948557,
    "f1_macro": 0.5968570762627928,
    "f1_pesado": 0.7069670893560158,
    "roc_auc_macro": 0.8927098769381878
  },
  "metricas_por_clase": {
    "Light_Load": {
      "precision": 0.9807367353835755,
      "recall": 0.9325192802056556,
      "f1": 0.9560204249711745,
      "support": 3112
    },
    "Medium_Load": {
      "precision": 0.45917740945365254,
      "recall": 0.4770408163265306,
      "f1": 0.4679386925242415,
      "support": 1568
    },
    "Maximum_Load": {
      "precision": 0.35331230283911674,
      "recall": 0.38095238095238093,
      "f1": 0.36661211129296234,
      "support": 1176
    }
  },
  "matriz_confusion": [
    [
      2902,
      181,
      29
    ],
    [
      29,
      748,
      791
    ],
    [
      28,
      700,
      448
    ]
  ]
}