{
  "metricas_generales": {
    "exactitud": 0.6910860655737705,
    "exactitud_balanceada": 0.594438396609715,
    "f1_macro": 0.59441536055732,
    "f1_pesado": 0.7024021639863,
    "roc_auc_macro": 0.8935924424236351
  },
  "metricas_por_clase": {
    "Light_Load": {
      "precision": 0.9891570479188527,
      "recall": 0.9087403598971723,
      "f1": 0.9472450175849941,
      "support": 3112
    },
    "Medium_Load": {
      "precision": 0.44587478057343477,
      "recall": 0.48596938775510207,
      "f1": 0.4650595056454074,
      "support": 1568
    },
    "Maximum_Load": {
      "precision": 0.3548136645962733,
      "recall": 0.38860544217687076,
      "f1": 0.37094155844155846,
      "support": 1176
    }
  },
  "matriz_confusion": [
    [
      2828,
      248,
      36
    ],
    [
      11,
      762,
      795
    ],
    [
      20,
      699,
      457
    ]
  ]
}