{
  "metricas_generales": {
    "exactitud": 0.6900614754098361,
    "exactitud_balanceada": 0.5915758762802464,
    "f1_macro": 0.5916490327202787,
    "f1_pesado": 0.7004331262298831,
    "roc_auc_macro": 0.8917799153586641
  },
  "metricas_por_clase": {
    "Light_Load": {
      "precision": 0.9843858431644691,
      "recall": 0.9116323907455013,
      "f1": 0.9466132799466133,
      "support": 3112
    },
    "Medium_Load": {
      "precision": 0.44654459539279384,
      "recall": 0.48214285714285715,
      "f1": 0.46366145354185834,
      "support": 1568
    },
    "Maximum_Load": {
      "precision": 0.34972677595628415,
      "recall": 0.38095238095238093,
      "f1": 0.3646723646723647,
      "support": 1176
    }
  },
  "matriz_confusion": [
    [
      2837,
      234,
      41
    ],
    [
      20,
      756,
      792
    ],
    [
      25,
      703,
      448
    ]
  ]
}