{
  "metricas_generales": {
    "exactitud": 0.6972336065573771,
    "exactitud_balanceada": 0.5913514506059493,
    "f1_macro": 0.5915704823041629,
    "f1_pesado": 0.7036764665283387,
    "roc_auc_macro": 0.8957389976811599
  },
  "metricas_por_clase": {
    "Light_Load": {
      "precision": 0.979131605520027,
      "recall": 0.9347686375321337,
      "f1": 0.9564359690941969,
      "support": 3112
    },
    "Medium_Load": {
      "precision": 0.45223700120918986,
      "recall": 0.4770408163265306,
      "f1": 0.4643078833022967,
      "support": 1568
    },
    "Maximum_Load": {
      "precision": 0.3460601137286759,
      "recall": 0.3622448979591837,
      "f1": 0.353967594515995,
      "support": 1176
    }
  },
  "matriz_confusion": [
    [
      2909,
      184,
      19
    ],
    [
      34,
      748,
      786
    ],
    [
      28,
      722,
      426
    ]
  ]
}