{
  "metricas_generales": {
    "exactitud": 0.6974043715846995,
    "exactitud_balanceada": 0.5953395604171403,
    "f1_macro": 0.5953635808164407,
    "f1_pesado": 0.7048210052382213,
    "roc_auc_macro": 0.8972818839181841
  },
  "metricas_por_clase": {
    "Light_Load": {
      "precision": 0.9793290410030498,
      "recall": 0.9286632390745502,
      "f1": 0.9533234372422893,
      "support": 3112
    },
    "Medium_Load": {
      "precision": 0.4519464720194647,
      "recall": 0.47385204081632654,
      "f1": 0.462640099626401,
      "support": 1568
    },
    "Maximum_Load": {
      "precision": 0.3576526566217288,
      "recall": 0.3835034013605442,
      "f1": 0.37012720558063195,
      "support": 1176
    }
  },
  "matriz_confusion": [
    [
      2890,
      197,
      25
    ],
    [
      40,
      743,
      785
    ],
    [
      21,
      704,
      451
    ]
  ]
}