{
  "metricas_generales": {
    "exactitud": 0.6951844262295082,
    "exactitud_balanceada": 0.5924639243015115,
    "f1_macro": 0.5926247147160225,
    "f1_pesado": 0.7033348090763887,
    "roc_auc_macro": 0.8943252242508022
  },
  "metricas_por_clase": {
    "Light_Load": {
      "precision": 0.9822827938671209,
      "recall": 0.9264138817480719,
      "f1": 0.9535306763684471,
      "support": 3112
    },
    "Medium_Load": {
      "precision": 0.4512048192771084,
      "recall": 0.47767857142857145,
      "f1": 0.46406443618339527,
      "support": 1568
    },
    "Maximum_Load": {
      "precision": 0.3481363996827914,
      "recall": 0.37329931972789115,
      "f1": 0.3602790315962249,
      "support": 1176
    }
  },
  "matriz_confusion": [
    [
      2883,
      201,
      28
    ],
    [
      25,
      749,
      794
    ],
    [
      27,
      710,
      439
    ]
  ]
}