{
  "metricas_generales": {
    "exactitud": 0.6984289617486339,
    "exactitud_balanceada": 0.5948171149350915,
    "f1_macro": 0.5949054133365196,
    "f1_pesado": 0.7052441143385665,
    "roc_auc_macro": 0.8979497148525987
  },
  "metricas_por_clase": {
    "Light_Load": {
      "precision": 0.978744939271255,
      "recall": 0.9321979434447301,
      "f1": 0.9549045424621462,
      "support": 3112
    },
    "Medium_Load": {
      "precision": 0.45465611685940355,
      "recall": 0.4764030612244898,
      "f1": 0.46527561507318593,
      "support": 1568
    },
    "Maximum_Load": {
      "precision": 0.35388310648518817,
      "recall": 0.3758503401360544,
      "f1": 0.3645360824742268,
      "support": 1176
    }
  },
  "matriz_confusion": [
    [
      2901,
      191,
      20
    ],
    [
      34,
      747,
      787
    ],
    [
      29,
      705,
      442
    ]
  ]
}