{
  "metricas_generales": {
    "exactitud": 0.7025273224043715,
    "exactitud_balanceada": 0.6069725340864709,
    "f1_macro": 0.606451876013456,
    "f1_pesado": 0.7111333775387244,
    "roc_auc_macro": 0.8768869743235426
  },
  "metricas_por_clase": {
    "Light_Load": {
      "precision": 0.9804660726525017,
      "recall": 0.919344473007712,
      "f1": 0.9489220563847429,
      "support": 3112
    },
    "Medium_Load": {
      "precision": 0.46670702179176754,
      "recall": 0.4917091836734694,
      "f1": 0.4788819875776398,
      "support": 1568
    },
    "Maximum_Load": {
      "precision": 0.374805598755832,
      "recall": 0.4098639455782313,
      "f1": 0.3915515840779854,
      "support": 1176
    }
  },
  "matriz_confusion": [
    [
      2861,
      220,
      31
    ],
    [
      24,
      771,
      773
    ],
    [
      33,
      661,
      482
    ]
  ]
}